Time[month],reactor_In[kg],Reactor_Out[kg],
0,0,0,
1,82000,0,
2,82000,0,
3,82000,0,
4,82000,0,
5,82000,0,
6,82000,0,
7,82000,0,
8,82000,0,
9,82000,0,
10,82000,0,
11,82000,0,
12,82000,0,
13,82000,0,
14,82000,0,
15,82000,0,
16,82000,0,
17,82000,0,
18,82000,0,
19,82000,0,
20,82000,0,
21,82000,0,
22,82000,0,
23,82000,0,
24,82000,0,
25,82000,0,
26,82000,0,
27,82000,0,
28,82000,0,
29,82000,0,
30,82000,0,
31,82000,0,
32,82000,0,
33,82000,0,
34,82000,0,
35,82000,0,
36,82000,0,
37,164000,82000,
38,164000,82000,
39,164000,82000,
40,164000,82000,
41,164000,82000,
42,164000,82000,
43,164000,82000,
44,164000,82000,
45,164000,82000,
46,164000,82000,
47,164000,82000,
48,164000,82000,
49,164000,82000,
50,164000,82000,
51,164000,82000,
52,164000,82000,
53,164000,82000,
54,164000,82000,
55,164000,82000,
56,164000,82000,
57,164000,82000,
58,164000,82000,
59,164000,82000,
60,164000,82000,
61,164000,82000,
62,164000,82000,
63,164000,82000,
64,164000,82000,
65,164000,82000,
66,164000,82000,
67,164000,82000,
68,164000,82000,
69,164000,82000,
70,164000,82000,
71,164000,82000,
72,164000,82000,
73,246000,164000,
74,246000,164000,
75,246000,164000,
76,246000,164000,
77,246000,164000,
78,246000,164000,
79,246000,164000,
80,246000,164000,
81,246000,164000,
82,246000,164000,
83,246000,164000,
84,246000,164000,
85,246000,164000,
86,246000,164000,
87,246000,164000,
88,246000,164000,
89,246000,164000,
90,246000,164000,
91,246000,164000,
92,246000,164000,
93,246000,164000,
94,246000,164000,
95,246000,164000,
96,246000,164000,
97,246000,164000,
98,246000,164000,
99,246000,164000,
100,246000,164000,
101,246000,164000,
102,246000,164000,
103,246000,164000,
104,246000,164000,
105,246000,164000,
106,246000,164000,
107,246000,164000,
108,246000,164000,
109,328000,246000,
110,328000,246000,
111,328000,246000,
112,328000,246000,
113,328000,246000,
114,328000,246000,
115,328000,246000,
116,328000,246000,
117,328000,246000,
118,328000,246000,
119,328000,246000,
120,328000,246000,
121,410000,246000,
122,410000,246000,
123,410000,246000,
124,410000,246000,
125,410000,246000,
126,410000,246000,
127,410000,246000,
128,410000,246000,
129,410000,246000,
130,410000,246000,
131,410000,246000,
132,410000,246000,
133,410000,246000,
134,410000,246000,
135,410000,246000,
136,410000,246000,
137,410000,246000,
138,410000,246000,
139,410000,246000,
140,410000,246000,
141,410000,246000,
142,410000,246000,
143,410000,246000,
144,410000,246000,
145,492000,328000,
146,492000,328000,
147,492000,328000,
148,492000,328000,
149,492000,328000,
150,492000,328000,
151,492000,328000,
152,492000,328000,
153,492000,328000,
154,492000,328000,
155,492000,328000,
156,492000,328000,
157,574000,410000,
158,574000,410000,
159,574000,410000,
160,574000,410000,
161,574000,410000,
162,574000,410000,
163,574000,410000,
164,574000,410000,
165,574000,410000,
166,574000,410000,
167,574000,410000,
168,574000,410000,
169,574000,410000,
170,574000,410000,
171,574000,410000,
172,574000,410000,
173,574000,410000,
174,574000,410000,
175,574000,410000,
176,574000,410000,
177,574000,410000,
178,574000,410000,
179,574000,410000,
180,574000,410000,
181,656000,492000,
182,656000,492000,
183,656000,492000,
184,656000,492000,
185,656000,492000,
186,656000,492000,
187,656000,492000,
188,656000,492000,
189,656000,492000,
190,656000,492000,
191,656000,492000,
192,656000,492000,
193,738000,574000,
194,738000,574000,
195,738000,574000,
196,738000,574000,
197,738000,574000,
198,738000,574000,
199,738000,574000,
200,738000,574000,
201,738000,574000,
202,738000,574000,
203,738000,574000,
204,738000,574000,
205,738000,574000,
206,738000,574000,
207,738000,574000,
208,738000,574000,
209,738000,574000,
210,738000,574000,
211,738000,574000,
212,738000,574000,
213,738000,574000,
214,738000,574000,
215,738000,574000,
216,738000,574000,
217,820000,656000,
218,820000,656000,
219,820000,656000,
220,820000,656000,
221,820000,656000,
222,820000,656000,
223,820000,656000,
224,820000,656000,
225,820000,656000,
226,820000,656000,
227,820000,656000,
228,820000,656000,
229,902000,738000,
230,902000,738000,
231,902000,738000,
232,902000,738000,
233,902000,738000,
234,902000,738000,
235,902000,738000,
236,902000,738000,
237,902000,738000,
238,902000,738000,
239,902000,738000,
240,902000,738000,
241,984000,738000,
242,984000,738000,
243,984000,738000,
244,984000,738000,
245,984000,738000,
246,984000,738000,
247,984000,738000,
248,984000,738000,
249,984000,738000,
250,984000,738000,
251,984000,738000,
252,984000,738000,
253,1.066e+06,820000,
254,1.066e+06,820000,
255,1.066e+06,820000,
256,1.066e+06,820000,
257,1.066e+06,820000,
258,1.066e+06,820000,
259,1.066e+06,820000,
260,1.066e+06,820000,
261,1.066e+06,820000,
262,1.066e+06,820000,
263,1.066e+06,820000,
264,1.066e+06,820000,
265,1.148e+06,902000,
266,1.148e+06,902000,
267,1.148e+06,902000,
268,1.148e+06,902000,
269,1.148e+06,902000,
270,1.148e+06,902000,
271,1.148e+06,902000,
272,1.148e+06,902000,
273,1.148e+06,902000,
274,1.148e+06,902000,
275,1.148e+06,902000,
276,1.148e+06,902000,
277,1.23e+06,984000,
278,1.23e+06,984000,
279,1.23e+06,984000,
280,1.23e+06,984000,
281,1.23e+06,984000,
282,1.23e+06,984000,
283,1.23e+06,984000,
284,1.23e+06,984000,
285,1.23e+06,984000,
286,1.23e+06,984000,
287,1.23e+06,984000,
288,1.23e+06,984000,
289,1.312e+06,1.066e+06,
290,1.312e+06,1.066e+06,
291,1.312e+06,1.066e+06,
292,1.312e+06,1.066e+06,
293,1.312e+06,1.066e+06,
294,1.312e+06,1.066e+06,
295,1.312e+06,1.066e+06,
296,1.312e+06,1.066e+06,
297,1.312e+06,1.066e+06,
298,1.312e+06,1.066e+06,
299,1.312e+06,1.066e+06,
300,1.312e+06,1.066e+06,
301,1.394e+06,1.148e+06,
302,1.394e+06,1.148e+06,
303,1.394e+06,1.148e+06,
304,1.394e+06,1.148e+06,
305,1.394e+06,1.148e+06,
306,1.394e+06,1.148e+06,
307,1.394e+06,1.148e+06,
308,1.394e+06,1.148e+06,
309,1.394e+06,1.148e+06,
310,1.394e+06,1.148e+06,
311,1.394e+06,1.148e+06,
312,1.394e+06,1.148e+06,
313,1.476e+06,1.23e+06,
314,1.476e+06,1.23e+06,
315,1.476e+06,1.23e+06,
316,1.476e+06,1.23e+06,
317,1.476e+06,1.23e+06,
318,1.476e+06,1.23e+06,
319,1.476e+06,1.23e+06,
320,1.476e+06,1.23e+06,
321,1.476e+06,1.23e+06,
322,1.476e+06,1.23e+06,
323,1.476e+06,1.23e+06,
324,1.476e+06,1.23e+06,
325,1.558e+06,1.312e+06,
326,1.558e+06,1.312e+06,
327,1.558e+06,1.312e+06,
328,1.558e+06,1.312e+06,
329,1.558e+06,1.312e+06,
330,1.558e+06,1.312e+06,
331,1.558e+06,1.312e+06,
332,1.558e+06,1.312e+06,
333,1.558e+06,1.312e+06,
334,1.558e+06,1.312e+06,
335,1.558e+06,1.312e+06,
336,1.558e+06,1.312e+06,
337,1.64e+06,1.394e+06,
338,1.64e+06,1.394e+06,
339,1.64e+06,1.394e+06,
340,1.64e+06,1.394e+06,
341,1.64e+06,1.394e+06,
342,1.64e+06,1.394e+06,
343,1.64e+06,1.394e+06,
344,1.64e+06,1.394e+06,
345,1.64e+06,1.394e+06,
346,1.64e+06,1.394e+06,
347,1.64e+06,1.394e+06,
348,1.64e+06,1.394e+06,
349,1.722e+06,1.476e+06,
350,1.722e+06,1.476e+06,
351,1.722e+06,1.476e+06,
352,1.722e+06,1.476e+06,
353,1.722e+06,1.476e+06,
354,1.722e+06,1.476e+06,
355,1.722e+06,1.476e+06,
356,1.722e+06,1.476e+06,
357,1.722e+06,1.476e+06,
358,1.722e+06,1.476e+06,
359,1.722e+06,1.476e+06,
360,1.722e+06,1.476e+06,
361,1.886e+06,1.558e+06,
362,1.886e+06,1.558e+06,
363,1.886e+06,1.558e+06,
364,1.886e+06,1.558e+06,
365,1.886e+06,1.558e+06,
366,1.886e+06,1.558e+06,
367,1.886e+06,1.558e+06,
368,1.886e+06,1.558e+06,
369,1.886e+06,1.558e+06,
370,1.886e+06,1.558e+06,
371,1.886e+06,1.558e+06,
372,1.886e+06,1.558e+06,
373,1.968e+06,1.64e+06,
374,1.968e+06,1.64e+06,
375,1.968e+06,1.64e+06,
376,1.968e+06,1.64e+06,
377,1.968e+06,1.64e+06,
378,1.968e+06,1.64e+06,
379,1.968e+06,1.64e+06,
380,1.968e+06,1.64e+06,
381,1.968e+06,1.64e+06,
382,1.968e+06,1.64e+06,
383,1.968e+06,1.64e+06,
384,1.968e+06,1.64e+06,
385,2.05e+06,1.722e+06,
386,2.05e+06,1.722e+06,
387,2.05e+06,1.722e+06,
388,2.05e+06,1.722e+06,
389,2.05e+06,1.722e+06,
390,2.05e+06,1.722e+06,
391,2.05e+06,1.722e+06,
392,2.05e+06,1.722e+06,
393,2.05e+06,1.722e+06,
394,2.05e+06,1.722e+06,
395,2.05e+06,1.722e+06,
396,2.05e+06,1.722e+06,
397,2.214e+06,1.886e+06,
398,2.214e+06,1.886e+06,
399,2.214e+06,1.886e+06,
400,2.214e+06,1.886e+06,
401,2.214e+06,1.886e+06,
402,2.214e+06,1.886e+06,
403,2.214e+06,1.886e+06,
404,2.214e+06,1.886e+06,
405,2.214e+06,1.886e+06,
406,2.214e+06,1.886e+06,
407,2.214e+06,1.886e+06,
408,2.214e+06,1.886e+06,
409,2.296e+06,1.968e+06,
410,2.296e+06,1.968e+06,
411,2.296e+06,1.968e+06,
412,2.296e+06,1.968e+06,
413,2.296e+06,1.968e+06,
414,2.296e+06,1.968e+06,
415,2.296e+06,1.968e+06,
416,2.296e+06,1.968e+06,
417,2.296e+06,1.968e+06,
418,2.296e+06,1.968e+06,
419,2.296e+06,1.968e+06,
420,2.296e+06,1.968e+06,
421,2.378e+06,2.05e+06,
422,2.378e+06,2.05e+06,
423,2.378e+06,2.05e+06,
424,2.378e+06,2.05e+06,
425,2.378e+06,2.05e+06,
426,2.378e+06,2.05e+06,
427,2.378e+06,2.05e+06,
428,2.378e+06,2.05e+06,
429,2.378e+06,2.05e+06,
430,2.378e+06,2.05e+06,
431,2.378e+06,2.05e+06,
432,2.378e+06,2.05e+06,
433,2.542e+06,2.214e+06,
434,2.542e+06,2.214e+06,
435,2.542e+06,2.214e+06,
436,2.542e+06,2.214e+06,
437,2.542e+06,2.214e+06,
438,2.542e+06,2.214e+06,
439,2.542e+06,2.214e+06,
440,2.542e+06,2.214e+06,
441,2.542e+06,2.214e+06,
442,2.542e+06,2.214e+06,
443,2.542e+06,2.214e+06,
444,2.542e+06,2.214e+06,
445,2.624e+06,2.296e+06,
446,2.624e+06,2.296e+06,
447,2.624e+06,2.296e+06,
448,2.624e+06,2.296e+06,
449,2.624e+06,2.296e+06,
450,2.624e+06,2.296e+06,
451,2.624e+06,2.296e+06,
452,2.624e+06,2.296e+06,
453,2.624e+06,2.296e+06,
454,2.624e+06,2.296e+06,
455,2.624e+06,2.296e+06,
456,2.624e+06,2.296e+06,
457,2.706e+06,2.378e+06,
458,2.706e+06,2.378e+06,
459,2.706e+06,2.378e+06,
460,2.706e+06,2.378e+06,
461,2.706e+06,2.378e+06,
462,2.706e+06,2.378e+06,
463,2.706e+06,2.378e+06,
464,2.706e+06,2.378e+06,
465,2.706e+06,2.378e+06,
466,2.706e+06,2.378e+06,
467,2.706e+06,2.378e+06,
468,2.706e+06,2.378e+06,
469,2.87e+06,2.542e+06,
470,2.87e+06,2.542e+06,
471,2.87e+06,2.542e+06,
472,2.87e+06,2.542e+06,
473,2.87e+06,2.542e+06,
474,2.87e+06,2.542e+06,
475,2.87e+06,2.542e+06,
476,2.87e+06,2.542e+06,
477,2.87e+06,2.542e+06,
478,2.87e+06,2.542e+06,
479,2.87e+06,2.542e+06,
480,2.87e+06,2.542e+06,
481,3.034e+06,2.624e+06,
482,3.034e+06,2.624e+06,
483,3.034e+06,2.624e+06,
484,3.034e+06,2.624e+06,
485,3.034e+06,2.624e+06,
486,3.034e+06,2.624e+06,
487,3.034e+06,2.624e+06,
488,3.034e+06,2.624e+06,
489,3.034e+06,2.624e+06,
490,3.034e+06,2.624e+06,
491,3.034e+06,2.624e+06,
492,3.034e+06,2.624e+06,
493,3.116e+06,2.706e+06,
494,3.116e+06,2.706e+06,
495,3.116e+06,2.706e+06,
496,3.116e+06,2.706e+06,
497,3.116e+06,2.706e+06,
498,3.116e+06,2.706e+06,
499,3.116e+06,2.706e+06,
500,3.116e+06,2.706e+06,
501,3.116e+06,2.706e+06,
502,3.116e+06,2.706e+06,
503,3.116e+06,2.706e+06,
504,3.116e+06,2.706e+06,
505,3.28e+06,2.87e+06,
506,3.28e+06,2.87e+06,
507,3.28e+06,2.87e+06,
508,3.28e+06,2.87e+06,
509,3.28e+06,2.87e+06,
510,3.28e+06,2.87e+06,
511,3.28e+06,2.87e+06,
512,3.28e+06,2.87e+06,
513,3.28e+06,2.87e+06,
514,3.28e+06,2.87e+06,
515,3.28e+06,2.87e+06,
516,3.28e+06,2.87e+06,
517,3.444e+06,3.034e+06,
518,3.444e+06,3.034e+06,
519,3.444e+06,3.034e+06,
520,3.444e+06,3.034e+06,
521,3.444e+06,3.034e+06,
522,3.444e+06,3.034e+06,
523,3.444e+06,3.034e+06,
524,3.444e+06,3.034e+06,
525,3.444e+06,3.034e+06,
526,3.444e+06,3.034e+06,
527,3.444e+06,3.034e+06,
528,3.444e+06,3.034e+06,
529,3.526e+06,3.116e+06,
530,3.526e+06,3.116e+06,
531,3.526e+06,3.116e+06,
532,3.526e+06,3.116e+06,
533,3.526e+06,3.116e+06,
534,3.526e+06,3.116e+06,
535,3.526e+06,3.116e+06,
536,3.526e+06,3.116e+06,
537,3.526e+06,3.116e+06,
538,3.526e+06,3.116e+06,
539,3.526e+06,3.116e+06,
540,3.526e+06,3.116e+06,
541,3.69e+06,3.28e+06,
542,3.69e+06,3.28e+06,
543,3.69e+06,3.28e+06,
544,3.69e+06,3.28e+06,
545,3.69e+06,3.28e+06,
546,3.69e+06,3.28e+06,
547,3.69e+06,3.28e+06,
548,3.69e+06,3.28e+06,
549,3.69e+06,3.28e+06,
550,3.69e+06,3.28e+06,
551,3.69e+06,3.28e+06,
552,3.69e+06,3.28e+06,
553,3.854e+06,3.444e+06,
554,3.854e+06,3.444e+06,
555,3.854e+06,3.444e+06,
556,3.854e+06,3.444e+06,
557,3.854e+06,3.444e+06,
558,3.854e+06,3.444e+06,
559,3.854e+06,3.444e+06,
560,3.854e+06,3.444e+06,
561,3.854e+06,3.444e+06,
562,3.854e+06,3.444e+06,
563,3.854e+06,3.444e+06,
564,3.854e+06,3.444e+06,
565,3.936e+06,3.526e+06,
566,3.936e+06,3.526e+06,
567,3.936e+06,3.526e+06,
568,3.936e+06,3.526e+06,
569,3.936e+06,3.526e+06,
570,3.936e+06,3.526e+06,
571,3.936e+06,3.526e+06,
572,3.936e+06,3.526e+06,
573,3.936e+06,3.526e+06,
574,3.936e+06,3.526e+06,
575,3.936e+06,3.526e+06,
576,3.936e+06,3.526e+06,
577,4.1e+06,3.69e+06,
578,4.1e+06,3.69e+06,
579,4.1e+06,3.69e+06,
580,4.1e+06,3.69e+06,
581,4.1e+06,3.69e+06,
582,4.1e+06,3.69e+06,
583,4.1e+06,3.69e+06,
584,4.1e+06,3.69e+06,
585,4.1e+06,3.69e+06,
586,4.1e+06,3.69e+06,
587,4.1e+06,3.69e+06,
588,4.1e+06,3.69e+06,
589,4.264e+06,3.854e+06,
590,4.264e+06,3.854e+06,
591,4.264e+06,3.854e+06,
592,4.264e+06,3.854e+06,
593,4.264e+06,3.854e+06,
594,4.264e+06,3.854e+06,
595,4.264e+06,3.854e+06,
596,4.264e+06,3.854e+06,
597,4.264e+06,3.854e+06,
598,4.264e+06,3.854e+06,
599,4.264e+06,3.854e+06,
600,4.264e+06,3.854e+06,
601,4.428e+06,3.936e+06,
602,4.428e+06,3.936e+06,
603,4.428e+06,3.936e+06,
604,4.428e+06,3.936e+06,
605,4.428e+06,3.936e+06,
606,4.428e+06,3.936e+06,
607,4.428e+06,3.936e+06,
608,4.428e+06,3.936e+06,
609,4.428e+06,3.936e+06,
610,4.428e+06,3.936e+06,
611,4.428e+06,3.936e+06,
612,4.428e+06,3.936e+06,
613,4.592e+06,4.1e+06,
614,4.592e+06,4.1e+06,
615,4.592e+06,4.1e+06,
616,4.592e+06,4.1e+06,
617,4.592e+06,4.1e+06,
618,4.592e+06,4.1e+06,
619,4.592e+06,4.1e+06,
620,4.592e+06,4.1e+06,
621,4.592e+06,4.1e+06,
622,4.592e+06,4.1e+06,
623,4.592e+06,4.1e+06,
624,4.592e+06,4.1e+06,
625,4.756e+06,4.264e+06,
626,4.756e+06,4.264e+06,
627,4.756e+06,4.264e+06,
628,4.756e+06,4.264e+06,
629,4.756e+06,4.264e+06,
630,4.756e+06,4.264e+06,
631,4.756e+06,4.264e+06,
632,4.756e+06,4.264e+06,
633,4.756e+06,4.264e+06,
634,4.756e+06,4.264e+06,
635,4.756e+06,4.264e+06,
636,4.756e+06,4.264e+06,
637,4.92e+06,4.428e+06,
638,4.92e+06,4.428e+06,
639,4.92e+06,4.428e+06,
640,4.92e+06,4.428e+06,
641,4.92e+06,4.428e+06,
642,4.92e+06,4.428e+06,
643,4.92e+06,4.428e+06,
644,4.92e+06,4.428e+06,
645,4.92e+06,4.428e+06,
646,4.92e+06,4.428e+06,
647,4.92e+06,4.428e+06,
648,4.92e+06,4.428e+06,
649,5.084e+06,4.592e+06,
650,5.084e+06,4.592e+06,
651,5.084e+06,4.592e+06,
652,5.084e+06,4.592e+06,
653,5.084e+06,4.592e+06,
654,5.084e+06,4.592e+06,
655,5.084e+06,4.592e+06,
656,5.084e+06,4.592e+06,
657,5.084e+06,4.592e+06,
658,5.084e+06,4.592e+06,
659,5.084e+06,4.592e+06,
660,5.084e+06,4.592e+06,
661,5.248e+06,4.756e+06,
662,5.248e+06,4.756e+06,
663,5.248e+06,4.756e+06,
664,5.248e+06,4.756e+06,
665,5.248e+06,4.756e+06,
666,5.248e+06,4.756e+06,
667,5.248e+06,4.756e+06,
668,5.248e+06,4.756e+06,
669,5.248e+06,4.756e+06,
670,5.248e+06,4.756e+06,
671,5.248e+06,4.756e+06,
672,5.248e+06,4.756e+06,
673,5.412e+06,4.92e+06,
674,5.412e+06,4.92e+06,
675,5.412e+06,4.92e+06,
676,5.412e+06,4.92e+06,
677,5.412e+06,4.92e+06,
678,5.412e+06,4.92e+06,
679,5.412e+06,4.92e+06,
680,5.412e+06,4.92e+06,
681,5.412e+06,4.92e+06,
682,5.412e+06,4.92e+06,
683,5.412e+06,4.92e+06,
684,5.412e+06,4.92e+06,
685,5.576e+06,5.084e+06,
686,5.576e+06,5.084e+06,
687,5.576e+06,5.084e+06,
688,5.576e+06,5.084e+06,
689,5.576e+06,5.084e+06,
690,5.576e+06,5.084e+06,
691,5.576e+06,5.084e+06,
692,5.576e+06,5.084e+06,
693,5.576e+06,5.084e+06,
694,5.576e+06,5.084e+06,
695,5.576e+06,5.084e+06,
696,5.576e+06,5.084e+06,
697,5.74e+06,5.248e+06,
698,5.74e+06,5.248e+06,
699,5.74e+06,5.248e+06,
700,5.74e+06,5.248e+06,
701,5.74e+06,5.248e+06,
702,5.74e+06,5.248e+06,
703,5.74e+06,5.248e+06,
704,5.74e+06,5.248e+06,
705,5.74e+06,5.248e+06,
706,5.74e+06,5.248e+06,
707,5.74e+06,5.248e+06,
708,5.74e+06,5.248e+06,
709,5.904e+06,5.412e+06,
710,5.904e+06,5.412e+06,
711,5.904e+06,5.412e+06,
712,5.904e+06,5.412e+06,
713,5.904e+06,5.412e+06,
714,5.904e+06,5.412e+06,
715,5.904e+06,5.412e+06,
716,5.904e+06,5.412e+06,
717,5.904e+06,5.412e+06,
718,5.904e+06,5.412e+06,
719,5.904e+06,5.412e+06,
720,5.904e+06,5.412e+06,
721,6.15e+06,5.576e+06,
722,6.15e+06,5.576e+06,
723,6.15e+06,5.576e+06,
724,6.15e+06,5.576e+06,
725,6.15e+06,5.576e+06,
726,6.15e+06,5.576e+06,
727,6.15e+06,5.576e+06,
728,6.15e+06,5.576e+06,
729,6.15e+06,5.576e+06,
730,6.15e+06,5.576e+06,
731,6.15e+06,5.576e+06,
732,6.15e+06,5.576e+06,
733,6.314e+06,5.74e+06,
734,6.314e+06,5.74e+06,
735,6.314e+06,5.74e+06,
736,6.314e+06,5.74e+06,
737,6.314e+06,5.74e+06,
738,6.314e+06,5.74e+06,
739,6.314e+06,5.74e+06,
740,6.314e+06,5.74e+06,
741,6.314e+06,5.74e+06,
742,6.314e+06,5.74e+06,
743,6.314e+06,5.74e+06,
744,6.314e+06,5.74e+06,
745,6.478e+06,5.904e+06,
746,6.478e+06,5.904e+06,
747,6.478e+06,5.904e+06,
748,6.478e+06,5.904e+06,
749,6.478e+06,5.904e+06,
750,6.478e+06,5.904e+06,
751,6.478e+06,5.904e+06,
752,6.478e+06,5.904e+06,
753,6.478e+06,5.904e+06,
754,6.478e+06,5.904e+06,
755,6.478e+06,5.904e+06,
756,6.478e+06,5.904e+06,
757,6.724e+06,6.15e+06,
758,6.724e+06,6.15e+06,
759,6.724e+06,6.15e+06,
760,6.724e+06,6.15e+06,
761,6.724e+06,6.15e+06,
762,6.724e+06,6.15e+06,
763,6.724e+06,6.15e+06,
764,6.724e+06,6.15e+06,
765,6.724e+06,6.15e+06,
766,6.724e+06,6.15e+06,
767,6.724e+06,6.15e+06,
768,6.724e+06,6.15e+06,
769,6.888e+06,6.314e+06,
770,6.888e+06,6.314e+06,
771,6.888e+06,6.314e+06,
772,6.888e+06,6.314e+06,
773,6.888e+06,6.314e+06,
774,6.888e+06,6.314e+06,
775,6.888e+06,6.314e+06,
776,6.888e+06,6.314e+06,
777,6.888e+06,6.314e+06,
778,6.888e+06,6.314e+06,
779,6.888e+06,6.314e+06,
780,6.888e+06,6.314e+06,
781,7.052e+06,6.478e+06,
782,7.052e+06,6.478e+06,
783,7.052e+06,6.478e+06,
784,7.052e+06,6.478e+06,
785,7.052e+06,6.478e+06,
786,7.052e+06,6.478e+06,
787,7.052e+06,6.478e+06,
788,7.052e+06,6.478e+06,
789,7.052e+06,6.478e+06,
790,7.052e+06,6.478e+06,
791,7.052e+06,6.478e+06,
792,7.052e+06,6.478e+06,
793,7.298e+06,6.724e+06,
794,7.298e+06,6.724e+06,
795,7.298e+06,6.724e+06,
796,7.298e+06,6.724e+06,
797,7.298e+06,6.724e+06,
798,7.298e+06,6.724e+06,
799,7.298e+06,6.724e+06,
800,7.298e+06,6.724e+06,
801,7.298e+06,6.724e+06,
802,7.298e+06,6.724e+06,
803,7.298e+06,6.724e+06,
804,7.298e+06,6.724e+06,
805,7.462e+06,6.888e+06,
806,7.462e+06,6.888e+06,
807,7.462e+06,6.888e+06,
808,7.462e+06,6.888e+06,
809,7.462e+06,6.888e+06,
810,7.462e+06,6.888e+06,
811,7.462e+06,6.888e+06,
812,7.462e+06,6.888e+06,
813,7.462e+06,6.888e+06,
814,7.462e+06,6.888e+06,
815,7.462e+06,6.888e+06,
816,7.462e+06,6.888e+06,
817,7.626e+06,7.052e+06,
818,7.626e+06,7.052e+06,
819,7.626e+06,7.052e+06,
820,7.626e+06,7.052e+06,
821,7.626e+06,7.052e+06,
822,7.626e+06,7.052e+06,
823,7.626e+06,7.052e+06,
824,7.626e+06,7.052e+06,
825,7.626e+06,7.052e+06,
826,7.626e+06,7.052e+06,
827,7.626e+06,7.052e+06,
828,7.626e+06,7.052e+06,
829,7.872e+06,7.298e+06,
830,7.872e+06,7.298e+06,
831,7.872e+06,7.298e+06,
832,7.872e+06,7.298e+06,
833,7.872e+06,7.298e+06,
834,7.872e+06,7.298e+06,
835,7.872e+06,7.298e+06,
836,7.872e+06,7.298e+06,
837,7.872e+06,7.298e+06,
838,7.872e+06,7.298e+06,
839,7.872e+06,7.298e+06,
840,7.872e+06,7.298e+06,
841,8.118e+06,7.462e+06,
842,8.118e+06,7.462e+06,
843,8.118e+06,7.462e+06,
844,8.118e+06,7.462e+06,
845,8.118e+06,7.462e+06,
846,8.118e+06,7.462e+06,
847,8.118e+06,7.462e+06,
848,8.118e+06,7.462e+06,
849,8.118e+06,7.462e+06,
850,8.118e+06,7.462e+06,
851,8.118e+06,7.462e+06,
852,8.118e+06,7.462e+06,
853,8.282e+06,7.626e+06,
854,8.282e+06,7.626e+06,
855,8.282e+06,7.626e+06,
856,8.282e+06,7.626e+06,
857,8.282e+06,7.626e+06,
858,8.282e+06,7.626e+06,
859,8.282e+06,7.626e+06,
860,8.282e+06,7.626e+06,
861,8.282e+06,7.626e+06,
862,8.282e+06,7.626e+06,
863,8.282e+06,7.626e+06,
864,8.282e+06,7.626e+06,
865,8.528e+06,7.872e+06,
866,8.528e+06,7.872e+06,
867,8.528e+06,7.872e+06,
868,8.528e+06,7.872e+06,
869,8.528e+06,7.872e+06,
870,8.528e+06,7.872e+06,
871,8.528e+06,7.872e+06,
872,8.528e+06,7.872e+06,
873,8.528e+06,7.872e+06,
874,8.528e+06,7.872e+06,
875,8.528e+06,7.872e+06,
876,8.528e+06,7.872e+06,
877,8.774e+06,8.118e+06,
878,8.774e+06,8.118e+06,
879,8.774e+06,8.118e+06,
880,8.774e+06,8.118e+06,
881,8.774e+06,8.118e+06,
882,8.774e+06,8.118e+06,
883,8.774e+06,8.118e+06,
884,8.774e+06,8.118e+06,
885,8.774e+06,8.118e+06,
886,8.774e+06,8.118e+06,
887,8.774e+06,8.118e+06,
888,8.774e+06,8.118e+06,
889,8.938e+06,8.282e+06,
890,8.938e+06,8.282e+06,
891,8.938e+06,8.282e+06,
892,8.938e+06,8.282e+06,
893,8.938e+06,8.282e+06,
894,8.938e+06,8.282e+06,
895,8.938e+06,8.282e+06,
896,8.938e+06,8.282e+06,
897,8.938e+06,8.282e+06,
898,8.938e+06,8.282e+06,
899,8.938e+06,8.282e+06,
900,8.938e+06,8.282e+06,
901,9.184e+06,8.528e+06,
902,9.184e+06,8.528e+06,
903,9.184e+06,8.528e+06,
904,9.184e+06,8.528e+06,
905,9.184e+06,8.528e+06,
906,9.184e+06,8.528e+06,
907,9.184e+06,8.528e+06,
908,9.184e+06,8.528e+06,
909,9.184e+06,8.528e+06,
910,9.184e+06,8.528e+06,
911,9.184e+06,8.528e+06,
912,9.184e+06,8.528e+06,
913,9.43e+06,8.774e+06,
914,9.43e+06,8.774e+06,
915,9.43e+06,8.774e+06,
916,9.43e+06,8.774e+06,
917,9.43e+06,8.774e+06,
918,9.43e+06,8.774e+06,
919,9.43e+06,8.774e+06,
920,9.43e+06,8.774e+06,
921,9.43e+06,8.774e+06,
922,9.43e+06,8.774e+06,
923,9.43e+06,8.774e+06,
924,9.43e+06,8.774e+06,
925,9.594e+06,8.938e+06,
926,9.594e+06,8.938e+06,
927,9.594e+06,8.938e+06,
928,9.594e+06,8.938e+06,
929,9.594e+06,8.938e+06,
930,9.594e+06,8.938e+06,
931,9.594e+06,8.938e+06,
932,9.594e+06,8.938e+06,
933,9.594e+06,8.938e+06,
934,9.594e+06,8.938e+06,
935,9.594e+06,8.938e+06,
936,9.594e+06,8.938e+06,
937,9.84e+06,9.184e+06,
938,9.84e+06,9.184e+06,
939,9.84e+06,9.184e+06,
940,9.84e+06,9.184e+06,
941,9.84e+06,9.184e+06,
942,9.84e+06,9.184e+06,
943,9.84e+06,9.184e+06,
944,9.84e+06,9.184e+06,
945,9.84e+06,9.184e+06,
946,9.84e+06,9.184e+06,
947,9.84e+06,9.184e+06,
948,9.84e+06,9.184e+06,
949,1.0086e+07,9.43e+06,
950,1.0086e+07,9.43e+06,
951,1.0086e+07,9.43e+06,
952,1.0086e+07,9.43e+06,
953,1.0086e+07,9.43e+06,
954,1.0086e+07,9.43e+06,
955,1.0086e+07,9.43e+06,
956,1.0086e+07,9.43e+06,
957,1.0086e+07,9.43e+06,
958,1.0086e+07,9.43e+06,
959,1.0086e+07,9.43e+06,
960,1.0086e+07,9.43e+06,
961,1.0332e+07,9.594e+06,
962,1.0332e+07,9.594e+06,
963,1.0332e+07,9.594e+06,
964,1.0332e+07,9.594e+06,
965,1.0332e+07,9.594e+06,
966,1.0332e+07,9.594e+06,
967,1.0332e+07,9.594e+06,
968,1.0332e+07,9.594e+06,
969,1.0332e+07,9.594e+06,
970,1.0332e+07,9.594e+06,
971,1.0332e+07,9.594e+06,
972,1.0332e+07,9.594e+06,
973,1.0578e+07,9.84e+06,
974,1.0578e+07,9.84e+06,
975,1.0578e+07,9.84e+06,
976,1.0578e+07,9.84e+06,
977,1.0578e+07,9.84e+06,
978,1.0578e+07,9.84e+06,
979,1.0578e+07,9.84e+06,
980,1.0578e+07,9.84e+06,
981,1.0578e+07,9.84e+06,
982,1.0578e+07,9.84e+06,
983,1.0578e+07,9.84e+06,
984,1.0578e+07,9.84e+06,
985,1.0824e+07,1.0086e+07,
986,1.0824e+07,1.0086e+07,
987,1.0824e+07,1.0086e+07,
988,1.0824e+07,1.0086e+07,
989,1.0824e+07,1.0086e+07,
990,1.0824e+07,1.0086e+07,
991,1.0824e+07,1.0086e+07,
992,1.0824e+07,1.0086e+07,
993,1.0824e+07,1.0086e+07,
994,1.0824e+07,1.0086e+07,
995,1.0824e+07,1.0086e+07,
996,1.0824e+07,1.0086e+07,
997,1.107e+07,1.0332e+07,
998,1.107e+07,1.0332e+07,
999,1.107e+07,1.0332e+07,
1000,1.107e+07,1.0332e+07,
1001,1.107e+07,1.0332e+07,
1002,1.107e+07,1.0332e+07,
1003,1.107e+07,1.0332e+07,
1004,1.107e+07,1.0332e+07,
1005,1.107e+07,1.0332e+07,
1006,1.107e+07,1.0332e+07,
1007,1.107e+07,1.0332e+07,
1008,1.107e+07,1.0332e+07,
1009,1.1316e+07,1.0578e+07,
1010,1.1316e+07,1.0578e+07,
1011,1.1316e+07,1.0578e+07,
1012,1.1316e+07,1.0578e+07,
1013,1.1316e+07,1.0578e+07,
1014,1.1316e+07,1.0578e+07,
1015,1.1316e+07,1.0578e+07,
1016,1.1316e+07,1.0578e+07,
1017,1.1316e+07,1.0578e+07,
1018,1.1316e+07,1.0578e+07,
1019,1.1316e+07,1.0578e+07,
1020,1.1316e+07,1.0578e+07,
1021,1.1562e+07,1.0824e+07,
1022,1.1562e+07,1.0824e+07,
1023,1.1562e+07,1.0824e+07,
1024,1.1562e+07,1.0824e+07,
1025,1.1562e+07,1.0824e+07,
1026,1.1562e+07,1.0824e+07,
1027,1.1562e+07,1.0824e+07,
1028,1.1562e+07,1.0824e+07,
1029,1.1562e+07,1.0824e+07,
1030,1.1562e+07,1.0824e+07,
1031,1.1562e+07,1.0824e+07,
1032,1.1562e+07,1.0824e+07,
1033,1.1808e+07,1.107e+07,
1034,1.1808e+07,1.107e+07,
1035,1.1808e+07,1.107e+07,
1036,1.1808e+07,1.107e+07,
1037,1.1808e+07,1.107e+07,
1038,1.1808e+07,1.107e+07,
1039,1.1808e+07,1.107e+07,
1040,1.1808e+07,1.107e+07,
1041,1.1808e+07,1.107e+07,
1042,1.1808e+07,1.107e+07,
1043,1.1808e+07,1.107e+07,
1044,1.1808e+07,1.107e+07,
1045,1.2054e+07,1.1316e+07,
1046,1.2054e+07,1.1316e+07,
1047,1.2054e+07,1.1316e+07,
1048,1.2054e+07,1.1316e+07,
1049,1.2054e+07,1.1316e+07,
1050,1.2054e+07,1.1316e+07,
1051,1.2054e+07,1.1316e+07,
1052,1.2054e+07,1.1316e+07,
1053,1.2054e+07,1.1316e+07,
1054,1.2054e+07,1.1316e+07,
1055,1.2054e+07,1.1316e+07,
1056,1.2054e+07,1.1316e+07,
1057,1.23e+07,1.1562e+07,
1058,1.23e+07,1.1562e+07,
1059,1.23e+07,1.1562e+07,
1060,1.23e+07,1.1562e+07,
1061,1.23e+07,1.1562e+07,
1062,1.23e+07,1.1562e+07,
1063,1.23e+07,1.1562e+07,
1064,1.23e+07,1.1562e+07,
1065,1.23e+07,1.1562e+07,
1066,1.23e+07,1.1562e+07,
1067,1.23e+07,1.1562e+07,
1068,1.23e+07,1.1562e+07,
1069,1.2546e+07,1.1808e+07,
1070,1.2546e+07,1.1808e+07,
1071,1.2546e+07,1.1808e+07,
1072,1.2546e+07,1.1808e+07,
1073,1.2546e+07,1.1808e+07,
1074,1.2546e+07,1.1808e+07,
1075,1.2546e+07,1.1808e+07,
1076,1.2546e+07,1.1808e+07,
1077,1.2546e+07,1.1808e+07,
1078,1.2546e+07,1.1808e+07,
1079,1.2546e+07,1.1808e+07,
1080,1.2546e+07,1.1808e+07,
1081,1.2874e+07,1.2054e+07,
1082,1.2874e+07,1.2054e+07,
1083,1.2874e+07,1.2054e+07,
1084,1.2874e+07,1.2054e+07,
1085,1.2874e+07,1.2054e+07,
1086,1.2874e+07,1.2054e+07,
1087,1.2874e+07,1.2054e+07,
1088,1.2874e+07,1.2054e+07,
1089,1.2874e+07,1.2054e+07,
1090,1.2874e+07,1.2054e+07,
1091,1.2874e+07,1.2054e+07,
1092,1.2874e+07,1.2054e+07,
1093,1.312e+07,1.23e+07,
1094,1.312e+07,1.23e+07,
1095,1.312e+07,1.23e+07,
1096,1.312e+07,1.23e+07,
1097,1.312e+07,1.23e+07,
1098,1.312e+07,1.23e+07,
1099,1.312e+07,1.23e+07,
1100,1.312e+07,1.23e+07,
1101,1.312e+07,1.23e+07,
1102,1.312e+07,1.23e+07,
1103,1.312e+07,1.23e+07,
1104,1.312e+07,1.23e+07,
1105,1.3366e+07,1.2546e+07,
1106,1.3366e+07,1.2546e+07,
1107,1.3366e+07,1.2546e+07,
1108,1.3366e+07,1.2546e+07,
1109,1.3366e+07,1.2546e+07,
1110,1.3366e+07,1.2546e+07,
1111,1.3366e+07,1.2546e+07,
1112,1.3366e+07,1.2546e+07,
1113,1.3366e+07,1.2546e+07,
1114,1.3366e+07,1.2546e+07,
1115,1.3366e+07,1.2546e+07,
1116,1.3366e+07,1.2546e+07,
1117,1.3694e+07,1.2874e+07,
1118,1.3694e+07,1.2874e+07,
1119,1.3694e+07,1.2874e+07,
1120,1.3694e+07,1.2874e+07,
1121,1.3694e+07,1.2874e+07,
1122,1.3694e+07,1.2874e+07,
1123,1.3694e+07,1.2874e+07,
1124,1.3694e+07,1.2874e+07,
1125,1.3694e+07,1.2874e+07,
1126,1.3694e+07,1.2874e+07,
1127,1.3694e+07,1.2874e+07,
1128,1.3694e+07,1.2874e+07,
1129,1.394e+07,1.312e+07,
1130,1.394e+07,1.312e+07,
1131,1.394e+07,1.312e+07,
1132,1.394e+07,1.312e+07,
1133,1.394e+07,1.312e+07,
1134,1.394e+07,1.312e+07,
1135,1.394e+07,1.312e+07,
1136,1.394e+07,1.312e+07,
1137,1.394e+07,1.312e+07,
1138,1.394e+07,1.312e+07,
1139,1.394e+07,1.312e+07,
1140,1.394e+07,1.312e+07,
1141,1.4186e+07,1.3366e+07,
1142,1.4186e+07,1.3366e+07,
1143,1.4186e+07,1.3366e+07,
1144,1.4186e+07,1.3366e+07,
1145,1.4186e+07,1.3366e+07,
1146,1.4186e+07,1.3366e+07,
1147,1.4186e+07,1.3366e+07,
1148,1.4186e+07,1.3366e+07,
1149,1.4186e+07,1.3366e+07,
1150,1.4186e+07,1.3366e+07,
1151,1.4186e+07,1.3366e+07,
1152,1.4186e+07,1.3366e+07,
1153,1.4514e+07,1.3694e+07,
1154,1.4514e+07,1.3694e+07,
1155,1.4514e+07,1.3694e+07,
1156,1.4514e+07,1.3694e+07,
1157,1.4514e+07,1.3694e+07,
1158,1.4514e+07,1.3694e+07,
1159,1.4514e+07,1.3694e+07,
1160,1.4514e+07,1.3694e+07,
1161,1.4514e+07,1.3694e+07,
1162,1.4514e+07,1.3694e+07,
1163,1.4514e+07,1.3694e+07,
1164,1.4514e+07,1.3694e+07,
1165,1.476e+07,1.394e+07,
1166,1.476e+07,1.394e+07,
1167,1.476e+07,1.394e+07,
1168,1.476e+07,1.394e+07,
1169,1.476e+07,1.394e+07,
1170,1.476e+07,1.394e+07,
1171,1.476e+07,1.394e+07,
1172,1.476e+07,1.394e+07,
1173,1.476e+07,1.394e+07,
1174,1.476e+07,1.394e+07,
1175,1.476e+07,1.394e+07,
1176,1.476e+07,1.394e+07,
1177,1.5006e+07,1.4186e+07,
1178,1.5006e+07,1.4186e+07,
1179,1.5006e+07,1.4186e+07,
1180,1.5006e+07,1.4186e+07,
1181,1.5006e+07,1.4186e+07,
1182,1.5006e+07,1.4186e+07,
1183,1.5006e+07,1.4186e+07,
1184,1.5006e+07,1.4186e+07,
1185,1.5006e+07,1.4186e+07,
1186,1.5006e+07,1.4186e+07,
1187,1.5006e+07,1.4186e+07,
1188,1.5006e+07,1.4186e+07,
1189,1.5334e+07,1.4514e+07,
1190,1.5334e+07,1.4514e+07,
1191,1.5334e+07,1.4514e+07,
1192,1.5334e+07,1.4514e+07,
1193,1.5334e+07,1.4514e+07,
1194,1.5334e+07,1.4514e+07,
1195,1.5334e+07,1.4514e+07,
1196,1.5334e+07,1.4514e+07,
1197,1.5334e+07,1.4514e+07,
1198,1.5334e+07,1.4514e+07,
1199,1.5334e+07,1.4514e+07,
1200,1.5334e+07,1.4514e+07,


Spent Fuel Inventories,
Nucleus,Q[kg]
92234,0,
92235,71731.4,
92236,56828,
92238,1.23661e+07,
94238,3170.07,
94239,75470.8,
94240,34508.3,
94241,22316.6,
94242,11612.9,
95241,560.719,
95242,0,
95243,2671.43,
96242,295.601,
96243,14.1346,
96244,1092.84,
96245,71.2555,
93237,7250.84,
